tag,name,published_at,prerelease,url
v2026.5.31-beta.3,openclaw 2026.5.31-beta.3,2026-05-31T19:19:39Z,true,https://github.com/openclaw/openclaw/releases/tag/v2026.5.31-beta.3
v2026.5.31-beta.4,openclaw 2026.5.31-beta.4,2026-06-01T02:04:59Z,true,https://github.com/openclaw/openclaw/releases/tag/v2026.5.31-beta.4
v2026.6.1-beta.1,openclaw 2026.6.1-beta.1,2026-06-01T09:45:05Z,true,https://github.com/openclaw/openclaw/releases/tag/v2026.6.1-beta.1
v2026.6.1-beta.2,openclaw 2026.6.1-beta.2,2026-06-01T21:56:19Z,true,https://github.com/openclaw/openclaw/releases/tag/v2026.6.1-beta.2
v2026.6.1-beta.3,openclaw 2026.6.1-beta.3,2026-06-03T09:16:02Z,true,https://github.com/openclaw/openclaw/releases/tag/v2026.6.1-beta.3
v2026.6.6,openclaw 2026.6.6,2026-06-12T11:04:42Z,false,https://github.com/openclaw/openclaw/releases/tag/v2026.6.6
v2026.6.7-beta.1,openclaw 2026.6.7-beta.1,2026-06-13T09:42:35Z,true,https://github.com/openclaw/openclaw/releases/tag/v2026.6.7-beta.1
v2026.6.8-beta.1,openclaw 2026.6.8-beta.1,2026-06-14T22:45:33Z,true,https://github.com/openclaw/openclaw/releases/tag/v2026.6.8-beta.1
v2026.6.8-beta.2,openclaw 2026.6.8-beta.2,2026-06-16T01:50:19Z,true,https://github.com/openclaw/openclaw/releases/tag/v2026.6.8-beta.2
v2026.6.8,openclaw 2026.6.8,2026-06-16T16:32:26Z,false,https://github.com/openclaw/openclaw/releases/tag/v2026.6.8
v2026.6.9-beta.1,openclaw 2026.6.9-beta.1,2026-06-19T05:52:39Z,true,https://github.com/openclaw/openclaw/releases/tag/v2026.6.9-beta.1
v2026.6.9,openclaw 2026.6.9,2026-06-21T01:44:28Z,false,https://github.com/openclaw/openclaw/releases/tag/v2026.6.9
v2026.6.10-beta.1,openclaw 2026.6.10-beta.1,2026-06-21T09:12:41Z,true,https://github.com/openclaw/openclaw/releases/tag/v2026.6.10-beta.1
v2026.6.10-beta.2,openclaw 2026.6.10-beta.2,2026-06-22T09:36:28Z,true,https://github.com/openclaw/openclaw/releases/tag/v2026.6.10-beta.2
v2026.6.10,openclaw 2026.6.10,2026-06-24T03:06:38Z,false,https://github.com/openclaw/openclaw/releases/tag/v2026.6.10
v2026.6.11-beta.1,openclaw 2026.6.11-beta.1,2026-06-24T23:37:32Z,true,https://github.com/openclaw/openclaw/releases/tag/v2026.6.11-beta.1
v2026.6.11-beta.2,openclaw 2026.6.11-beta.2,2026-06-28T23:19:35Z,true,https://github.com/openclaw/openclaw/releases/tag/v2026.6.11-beta.2
v2026.6.11,openclaw 2026.6.11,2026-06-30T16:06:39Z,false,https://github.com/openclaw/openclaw/releases/tag/v2026.6.11
v2026.7.1-beta.1,openclaw 2026.7.1-beta.1,2026-07-02T07:25:49Z,true,https://github.com/openclaw/openclaw/releases/tag/v2026.7.1-beta.1
v2026.7.1-beta.2,openclaw 2026.7.1-beta.2,2026-07-05T09:10:09Z,true,https://github.com/openclaw/openclaw/releases/tag/v2026.7.1-beta.2
v2026.7.1-beta.5,OpenClaw 2026.7.1-beta.5,2026-07-11T10:36:02Z,true,https://github.com/openclaw/openclaw/releases/tag/v2026.7.1-beta.5
v2026.7.1-beta.6,openclaw 2026.7.1-beta.6,2026-07-13T01:38:43Z,true,https://github.com/openclaw/openclaw/releases/tag/v2026.7.1-beta.6
v2026.7.1,openclaw 2026.7.1,2026-07-13T22:33:14Z,false,https://github.com/openclaw/openclaw/releases/tag/v2026.7.1
v2026.7.2-beta.1,openclaw 2026.7.2-beta.1,2026-07-15T18:48:24Z,true,https://github.com/openclaw/openclaw/releases/tag/v2026.7.2-beta.1
v2026.7.2-beta.2,openclaw 2026.7.2-beta.2,2026-07-17T08:38:04Z,true,https://github.com/openclaw/openclaw/releases/tag/v2026.7.2-beta.2
v2026.7.2-beta.3,openclaw 2026.7.2-beta.3,2026-07-18T23:16:53Z,true,https://github.com/openclaw/openclaw/releases/tag/v2026.7.2-beta.3
v2026.7.2-beta.5,openclaw 2026.7.2-beta.5,2026-07-28T03:23:12Z,true,https://github.com/openclaw/openclaw/releases/tag/v2026.7.2-beta.5
v2026.7.2-beta.6,openclaw 2026.7.2-beta.6,2026-08-01T05:34:32Z,true,https://github.com/openclaw/openclaw/releases/tag/v2026.7.2-beta.6
v2026.7.2-beta.7,openclaw 2026.7.2-beta.7,2026-08-02T08:11:31Z,true,https://github.com/openclaw/openclaw/releases/tag/v2026.7.2-beta.7
v2026.7.1-1,openclaw 2026.7.1-1,2026-08-04T00:41:25Z,false,https://github.com/openclaw/openclaw/releases/tag/v2026.7.1-1
v2026.7.1-2,openclaw 2026.7.1-2,2026-08-04T00:41:26Z,false,https://github.com/openclaw/openclaw/releases/tag/v2026.7.1-2
v2026.6.34,openclaw 2026.6.34,2026-08-08T07:22:14Z,false,https://github.com/openclaw/openclaw/releases/tag/v2026.6.34
v2026.8.1-beta.2,OpenClaw 2026.8.1-beta.2,2026-08-15T05:36:23Z,true,https://github.com/openclaw/openclaw/releases/tag/v2026.8.1-beta.2
pr-124528-profiles,PR #124528 Gateway profile evidence,2026-08-16T10:15:43Z,true,https://github.com/openclaw/openclaw/releases/tag/pr-124528-profiles
v2026.8.1-beta.3,OpenClaw 2026.8.1-beta.3,2026-08-24T04:40:41Z,true,https://github.com/openclaw/openclaw/releases/tag/v2026.8.1-beta.3
v2026.9.1-beta.1,openclaw 2026.9.1-beta.1,2026-08-28T20:43:46Z,true,https://github.com/openclaw/openclaw/releases/tag/v2026.9.1-beta.1
v2026.8.1,OpenClaw 2026.8.1,2026-08-31T03:30:51Z,false,https://github.com/openclaw/openclaw/releases/tag/v2026.8.1
v2026.8.2,openclaw 2026.8.2,2026-09-01T16:00:56Z,false,https://github.com/openclaw/openclaw/releases/tag/v2026.8.2
v2026.9.1,openclaw 2026.9.1,2026-09-03T18:31:33Z,false,https://github.com/openclaw/openclaw/releases/tag/v2026.9.1
v2026.9.2,openclaw 2026.9.2,2026-09-05T20:00:07Z,false,https://github.com/openclaw/openclaw/releases/tag/v2026.9.2
v2026.9.3,openclaw 2026.9.3,2026-09-08T14:15:53Z,false,https://github.com/openclaw/openclaw/releases/tag/v2026.9.3
v2026.6.35,openclaw 2026.6.35,2026-09-10T06:39:30Z,false,https://github.com/openclaw/openclaw/releases/tag/v2026.6.35
v2026.9.4,openclaw 2026.9.4,2026-09-11T03:46:22Z,false,https://github.com/openclaw/openclaw/releases/tag/v2026.9.4
v2026.9.5,openclaw 2026.9.5,2026-09-19T01:55:23Z,false,https://github.com/openclaw/openclaw/releases/tag/v2026.9.5
linux-stable,OpenClaw Linux update channel,2026-09-19T05:00:44Z,true,https://github.com/openclaw/openclaw/releases/tag/linux-stable
v2026.7.35,openclaw 2026.7.35,2026-09-21T13:14:04Z,false,https://github.com/openclaw/openclaw/releases/tag/v2026.7.35
v2026.9.6,openclaw 2026.9.6,2026-09-23T23:21:10Z,false,https://github.com/openclaw/openclaw/releases/tag/v2026.9.6
